{
  "seeds": [
    13,
    14,
    15,
    16,
    17,
    18,
    19,
    20,
    21,
    22,
    23,
    24
  ],
  "metrics": {
    "accuracy": [
      0.4254,
      0.4417,
      0.4251,
      0.4251,
      0.4195,
      0.4422,
      0.4383,
      0.4168,
      0.4455,
      0.4273,
      0.4537,
      0.4402
    ],
    "avg_confidence": [
      0.4466189444065094,
      0.43095043301582336,
      0.42964473366737366,
      0.43809017539024353,
      0.41931411623954773,
      0.4788093864917755,
      0.44778597354888916,
      0.41768813133239746,
      0.45698702335357666,
      0.43862783908843994,
      0.45126524567604065,
      0.43833011388778687
    ],
    "ece": [
      0.02126798965036869,
      0.025289155542850494,
      0.022208109498023987,
      0.021410180255770683,
      0.01862379163503647,
      0.03698046877980232,
      0.02298341691493988,
      0.016628839075565338,
      0.016273848712444305,
      0.027603033930063248,
      0.021757574751973152,
      0.02330111153423786
    ],
    "logit_norm": [
      6.844306468963623,
      6.6359381675720215,
      6.3675055503845215,
      6.536224365234375,
      6.542392730712891,
      7.065562725067139,
      7.036613464355469,
      6.548658847808838,
      6.925998210906982,
      6.751104831695557,
      6.861728191375732,
      6.912382125854492
    ],
    "confusion_pc1": [
      -0.4790959636747737,
      0.3011208828824932,
      0.20862409004404542,
      -0.3145073708638678,
      -0.16081910276136674,
      -0.3063578698638102,
      0.020061215442018953,
      0.1028108532909848,
      -0.017981326968866878,
      0.2891705545790852,
      0.30066920267579694,
      0.05630483521826149
    ]
  },
  "mds": {
    "eigvals": [
      0.3784541427936682,
      0.2025791349557531,
      0.12564133821909054,
      0.12031624918510105,
      0.0917680809075449,
      0.08403893786515178,
      0.05171804071420565,
      0.04500912478109945,
      0.03931129049661636,
      0.009802050720841404,
      0.0,
      0.0
    ],
    "explained_var_top2": [
      0.3294806667421038,
      0.17636458663275828
    ],
    "coords_top2": [
      [
        -0.2476926867726335,
        -0.11382431959734485
      ],
      [
        -0.0945467304186358,
        0.006489407840023183
      ],
      [
        0.06154326824795353,
        0.16570514928711255
      ],
      [
        0.0832827892022304,
        0.024749773855947316
      ],
      [
        -0.3827866858210534,
        0.07960457200574912
      ],
      [
        0.10277416261354332,
        -0.1099519125977337
      ],
      [
        0.1975745373579639,
        0.0331542343319137
      ],
      [
        0.12092697805588079,
        0.2789392769702634
      ],
      [
        -0.17146696054769175,
        -0.0920014711743181
      ],
      [
        0.06468951308449444,
        0.0038230315182580313
      ],
      [
        0.22721246892980532,
        -0.23167319370018385
      ],
      [
        0.038489346068142805,
        -0.04501454873968729
      ]
    ]
  },
  "correlations": {
    "mds1_vs_avg_conf": [
      0.25153168470106874,
      0.43032903918532517
    ],
    "mds1_vs_ece": [
      0.3155611571648439,
      0.3177202438909061
    ],
    "mds2_vs_confusion_pc1": [
      0.16212578567774621,
      0.6146747579575993
    ],
    "mds2_vs_avg_conf": [
      -0.7366577587520395,
      0.006281978362394264
    ]
  }
}