{
  "evr2": 0.438842682771629,
  "bootstrap_stability": 0.9999067388148808,
  "null_test": {
    "evr2_obs": 0.438842682771629,
    "evr2_null_mean": 0.4250890696347836,
    "p_value": 0.2956810631229236
  },
  "metric_variants": {
    "logit_mse": [
      [
        0.0,
        1.063369631767273,
        1.2249420881271362,
        1.152336835861206,
        1.0245212316513062,
        1.1250098943710327,
        1.1783809661865234,
        1.0946542024612427,
        1.0128260850906372,
        1.1493655443191528,
        1.1853604316711426,
        1.0199280977249146
      ],
      [
        1.063369631767273,
        0.0,
        0.9395478367805481,
        0.9194355607032776,
        1.1672650575637817,
        1.025489091873169,
        1.0236485004425049,
        0.9588631391525269,
        1.0304425954818726,
        1.0071289539337158,
        1.0521272420883179,
        0.9656941890716553
      ],
      [
        1.2249420881271362,
        0.9395478367805481,
        0.0,
        0.8670857548713684,
        1.2549171447753906,
        0.9590839147567749,
        0.8343948721885681,
        0.8765023350715637,
        1.2255854606628418,
        0.8831533789634705,
        0.8607833385467529,
        0.905566930770874
      ],
      [
        1.152336835861206,
        0.9194355607032776,
        0.8670857548713684,
        0.0,
        1.3478171825408936,
        0.9575168490409851,
        0.9071037769317627,
        0.8548192381858826,
        1.1014840602874756,
        0.9273987412452698,
        0.9286215901374817,
        0.8649530410766602
      ],
      [
        1.0245212316513062,
        1.1672650575637817,
        1.2549171447753906,
        1.3478171825408936,
        0.0,
        1.3593171834945679,
        1.3945176601409912,
        1.3567537069320679,
        1.1663340330123901,
        1.2089141607284546,
        1.3899245262145996,
        1.161198616027832
      ],
      [
        1.1250098943710327,
        1.025489091873169,
        0.9590839147567749,
        0.9575168490409851,
        1.3593171834945679,
        0.0,
        0.9480716586112976,
        0.8523451685905457,
        1.2951476573944092,
        0.8017672896385193,
        0.9054275155067444,
        0.8545939326286316
      ],
      [
        1.1783809661865234,
        1.0236485004425049,
        0.8343948721885681,
        0.9071037769317627,
        1.3945176601409912,
        0.9480716586112976,
        0.0,
        0.8252318501472473,
        1.2919737100601196,
        0.8339366316795349,
        0.8879292011260986,
        0.8071019649505615
      ],
      [
        1.0946542024612427,
        0.9588631391525269,
        0.8765023350715637,
        0.8548192381858826,
        1.3567537069320679,
        0.8523451685905457,
        0.8252318501472473,
        0.0,
        1.141326665878296,
        0.9563870429992676,
        0.9027612209320068,
        0.8116808533668518
      ],
      [
        1.0128260850906372,
        1.0304425954818726,
        1.2255854606628418,
        1.1014840602874756,
        1.1663340330123901,
        1.2951476573944092,
        1.2919737100601196,
        1.141326665878296,
        0.0,
        1.290510892868042,
        1.293843388557434,
        1.1012777090072632
      ],
      [
        1.1493655443191528,
        1.0071289539337158,
        0.8831533789634705,
        0.9273987412452698,
        1.2089141607284546,
        0.8017672896385193,
        0.8339366316795349,
        0.9563870429992676,
        1.290510892868042,
        0.0,
        0.8652349710464478,
        0.8133306503295898
      ],
      [
        1.1853604316711426,
        1.0521272420883179,
        0.8607833385467529,
        0.9286215901374817,
        1.3899245262145996,
        0.9054275155067444,
        0.8879292011260986,
        0.9027612209320068,
        1.293843388557434,
        0.8652349710464478,
        0.0,
        0.9544405341148376
      ],
      [
        1.0199280977249146,
        0.9656941890716553,
        0.905566930770874,
        0.8649530410766602,
        1.161198616027832,
        0.8545939326286316,
        0.8071019649505615,
        0.8116808533668518,
        1.1012777090072632,
        0.8133306503295898,
        0.9544405341148376,
        0.0
      ]
    ],