{
  "evr2": 0.5058452533748621,
  "bootstrap_stability": 0.9999581302244279,
  "null_test": {
    "evr2_obs": 0.5058452533748621,
    "evr2_null_mean": 0.45836633552487227,
    "p_value": 0.04983388704318937
  },
  "metric_variants": {
    "logit_mse": [
      [
        0.0,
        0.48797860741615295,
        0.5227663516998291,
        0.4660971760749817,
        0.3680882155895233,
        0.4623023569583893,
        0.5396503210067749,
        0.5736175179481506,
        0.3639753758907318,
        0.40402039885520935,
        0.5774911642074585,
        0.39548251032829285
      ],
      [
        0.48797860741615295,
        0.0,
        0.44576141238212585,
        0.4194819927215576,
        0.4869821071624756,
        0.4619249105453491,
        0.47920167446136475,
        0.5243592262268066,
        0.4292060136795044,
        0.4396228790283203,
        0.5497168898582458,
        0.4045669436454773
      ],
      [
        0.5227663516998291,
        0.44576141238212585,
        0.0,
        0.3381345272064209,
        0.4789213240146637,
        0.4669942557811737,
        0.35453906655311584,
        0.3426896035671234,
        0.46767231822013855,
        0.28703317046165466,
        0.4502382278442383,
        0.353892982006073
      ],
      [
        0.4660971760749817,
        0.4194819927215576,
        0.3381345272064209,
        0.0,
        0.5157868266105652,
        0.3462144434452057,
        0.3663608729839325,
        0.37297242879867554,
        0.4627018868923187,
        0.35346999764442444,
        0.38269636034965515,
        0.317696750164032
      ],
      [
        0.3680882155895233,
        0.4869821071624756,
        0.4789213240146637,
        0.5157868266105652,
        0.0,
        0.6010988354682922,
        0.6566328406333923,
        0.618007242679596,
        0.46876516938209534,
        0.531236469745636,
        0.7086407542228699,
        0.4627895951271057
      ],
      [
        0.4623023569583893,
        0.4619249105453491,
        0.4669942557811737,
        0.3462144434452057,
        0.6010988354682922,
        0.0,
        0.3664529025554657,
        0.46317484974861145,
        0.4517118036746979,
        0.36797821521759033,
        0.4296005070209503,
        0.3235606551170349
      ],
      [
        0.5396503210067749,
        0.47920167446136475,
        0.35453906655311584,
        0.3663608729839325,
        0.6566328406333923,
        0.3664529025554657,
        0.0,
        0.4327349364757538,
        0.5080111622810364,
        0.31466013193130493,
        0.47027045488357544,
        0.30439329147338867
      ],
      [
        0.5736175179481506,
        0.5243592262268066,
        0.3426896035671234,
        0.37297242879867554,
        0.618007242679596,
        0.46317484974861145,
        0.4327349364757538,
        0.0,
        0.5416085124015808,
        0.4162239730358124,
        0.5899719595909119,
        0.40446358919143677
      ],
      [
        0.3639753758907318,
        0.4292060136795044,
        0.46767231822013855,
        0.4627018868923187,
        0.46876516938209534,
        0.4517118036746979,
        0.5080111622810364,
        0.5416085124015808,
        0.0,
        0.4354626536369324,
        0.5488990545272827,
        0.416219562292099
      ],
      [
        0.40402039885520935,
        0.4396228790283203,
        0.28703317046165466,
        0.35346999764442444,
        0.531236469745636,
        0.36797821521759033,
        0.31466013193130493,
        0.4162239730358124,
        0.4354626536369324,
        0.0,
        0.41215988993644714,
        0.3127790689468384
      ],
      [
        0.5774911642074585,
        0.5497168898582458,
        0.4502382278442383,
        0.38269636034965515,
        0.7086407542228699,
        0.4296005070209503,
        0.47027045488357544,
        0.5899719595909119,
        0.5488990545272827,
        0.41215988993644714,
        0.0,
        0.34767475724220276
      ],
      [
        0.39548251032829285,
        0.4045669436454773,
        0.353892982006073,
        0.317696750164032,
        0.4627895951271057,
        0.3235606551170349,
        0.30439329147338867,
        0.40446358919143677,
        0.416219562292099,
        0.3127790689468384,
        0.34767475724220276,
        0.0
      ]
    ],